vague_phrase,common_designer_interpretation
"make it pop","Increase contrast, saturation, or add accent elements to highlight focal points."
"needs more pizzazz","Introduce dynamic typography or motion-inspired graphics to add energy."
"feels flat","Add depth through shadows, gradients, or layered imagery."
"looks boring","Incorporate a bolder color palette and more engaging visuals."
"too plain","Introduce secondary colors, icons, or texture to break monotony."
"spruce it up","Refine layout hierarchy and add supporting visuals for interest."
"make it cleaner","Reduce clutter, align elements, and simplify typography."
"needs more polish","Tighten spacing, refine fonts, and ensure consistent styling."
"it's messy","Improve alignment, grid usage, and grouping of related content."
"too busy","Remove non-essential elements and increase white space."
"add some flair","Include subtle animations or decorative elements that match the brand."
"not on brand","Adjust colors, fonts, and imagery to align with brand guidelines."
"feels outdated","Update typography and color palette to contemporary standards."
"looks cheap","Enhance imagery quality and refine typography for a premium feel."
"needs more personality","Integrate unique visuals or copy that reflects brand voice."
"too corporate","Introduce friendly typography and conversational copy."
"make it luxurious","Use high-contrast palette, elegant fonts, and generous spacing."
"make it youthful","Incorporate bright colors, playful illustrations, and casual fonts."
"make it edgy","Use bold typography, high contrast, and unconventional layouts."
"add more emotion","Select imagery and color choices that convey stronger sentiment."
"feels empty","Add supporting visuals or content blocks to fill negative space strategically."
"needs depth","Introduce shadows, gradients, or overlapping elements for layering."
"too text-heavy","Break copy into shorter sections and add icons or visuals."
"add breathing room","Increase margins, padding, and line heights for readability."
"make the CTA stand out","Increase CTA size, contrast, and add whitespace around it."
"headline needs punch","Revise headline copy and typography for stronger impact."
"can we make it modern?","Adopt minimalist layout, bold sans-serif typography, and clean imagery."
"make it friendlier","Use rounded shapes, warm colors, and personable imagery."
"needs premium feel","Incorporate refined fonts, muted palette, and high-quality photography."
"more cohesive","Standardize color usage, typography, and iconography."
"more playful","Add whimsical illustrations, bright colors, and lively microcopy."
"more dynamic","Introduce asymmetrical layout and motion cues."
"more professional","Use structured layout, sophisticated fonts, and subdued colors."
"add hierarchy","Clarify typographic scale and spacing to guide user attention."
"tighten it up","Adjust spacing and alignment for a crisp layout."
"make it consistent","Apply uniform styling to buttons, headings, and inputs."
"too bland","Introduce accent colors and engaging imagery."
"feels clunky","Refine layout flow and simplify navigation elements."
"needs balance","Distribute visual weight evenly and adjust spacing."
"hard to read","Increase font size, line spacing, and contrast."
"feels cramped","Add padding and margins; reduce overcrowded elements."
"overwhelming","Remove unnecessary elements and streamline color usage."
"make it punchy","Use bold typography and succinct copy."
"needs more whitespace","Increase spacing around sections and between components."
"feels disjointed","Align elements to grid and clarify relationships between sections."
"can we add wow factor?","Add hero imagery or interactive element that draws attention."
"more contrast please","Adjust color contrast between text and backgrounds."
"make the logo pop","Increase logo size, contrast, or surrounding whitespace."
"needs to be cleaner","Simplify layout and remove decorative clutter."
"looks unfinished","Polish spacing, alignment, and ensure consistent styling."
"too colorful","Reduce palette to core brand colors and harmonize accents."
"too monochrome","Introduce secondary accent colors for differentiation."
"not bold enough","Increase font weights and use stronger accent colors."
"too formal","Add approachable imagery and soften typography."
"needs to be more serious","Tone down bright colors and adopt structured layout."
"make it approachable","Use friendly visuals, rounded shapes, and warm colors."
"too plain jane","Introduce textures, gradients, or supporting illustrations."
"make it more visual","Add imagery, icons, or charts to support text."
"needs more structure","Clarify grid, align elements, and define consistent spacing."
"too boxy","Break rigid grid with overlapping or organic shapes."
"make it smoother","Refine transitions, use rounded corners, and soften edges."
"needs to feel faster","Simplify interactions and reduce content load per screen."
"looks generic","Incorporate brand-specific elements and unique visuals."
"more enterprise-ready","Use conservative color palette, formal typography, and detailed documentation."
"make it more accessible","Ensure color contrast, font sizes, and focus states meet accessibility standards."
"needs to feel premium","Introduce metallic accents, luxury imagery, and refined typography."
"can we get more movement?","Add micro-animations or motion graphics to highlight key interactions."
"too static","Introduce animated transitions or interactive elements."
"fill the space","Add relevant content blocks or imagery to avoid large empty areas."
"needs to breathe","Increase spacing within and between sections for airiness."
"bring it to life","Incorporate animation, vibrant imagery, or interactive elements."
"looks dated","Refresh fonts, colors, and imagery to current design trends."
"clean up the typography","Standardize type styles, adjust hierarchy, and fix spacing."
"feels off-brand","Map colors and fonts to brand guidelines and adjust imagery."
"more visual storytelling","Add sequential imagery or illustrations to guide narrative."
"too edgy","Soften color palette and typography for broader appeal."
"too soft","Increase contrast and use sharper typography."
"needs more clarity","Simplify messaging and align visual hierarchy with priorities."
"more sophistication","Use elegant fonts, muted palette, and refined layout."
"make it aspirational","Feature high-quality lifestyle imagery and motivational copy."
"needs to feel trustworthy","Use testimonials, badges, and structured layout."
"too salesy","Reduce promotional language and add informative content."
"make it more persuasive","Highlight benefits, social proof, and clear CTAs."
"too wordy","Shorten copy and replace with visuals or bullet points."
"add some humanity","Use real people imagery and conversational copy."
"needs to pop off the page","Increase contrast, add drop shadows, or highlight elements."
"bring in some texture","Add background patterns or subtle textures."
"too dark","Lighten background and increase contrast for readability."
"too light","Introduce darker accents for emphasis and balance."
"more high-end","Use minimal layout, generous spacing, and monochrome accents."
"needs more warmth","Shift palette toward warmer hues and add personable imagery."
"feels cold","Use warmer colors and friendly photography."
"could be cleaner","Remove redundant elements and align components."
"tighten the copy","Edit content for brevity and clarity."
"more visual balance","Adjust image sizes and placement to balance layout."
"give it more energy","Add vibrant colors and dynamic typography."
"tone it down","Reduce bold elements and simplify palette."
"needs more focus","Highlight key content and reduce secondary distractions."
"increase trust","Add certifications, testimonials, and consistent design."
"make it seamless","Ensure consistent styling across sections and smooth transitions."
"more cohesive story","Align visuals and copy to tell a unified narrative."
"less cookie-cutter","Incorporate unique layout and custom graphics."
"needs more edge","Use unexpected color combos and bold typography."
"make it calmer","Use muted colors, increased spacing, and minimalist layout."
"bring in brand colors","Apply brand palette strategically across key elements."
"too many fonts","Limit typography to primary and secondary families."
"make it more organic","Use hand-drawn illustrations or organic shapes."
"needs stronger CTA","Rework CTA copy and styling for urgency and clarity."
"add more callouts","Introduce feature highlights or benefit badges."
"too cluttered","Remove excess elements and increase whitespace."
"needs better flow","Reorder sections to match user journey."
"more contrast in typography","Adjust type hierarchy with weight, size, and color."
"make the imagery pop","Enhance image editing, add overlays, or adjust lighting."
"too much whitespace","Condense spacing where appropriate and add supporting content."
"make it more premium tech","Use dark mode accents, sleek typography, and tech imagery."
"needs to feel handcrafted","Add bespoke illustrations or textures with artisanal feel."
"give it a facelift","Refresh layout, colors, and imagery for a modern look."
"more movement in hero","Add hero animation or video background."
"needs stronger visual anchors","Introduce bold hero image or iconography to anchor layout."
"feels like a template","Customize layout structure and graphics to differentiate."
"add more delight","Include micro-interactions or unexpected visual treats."
"make it sleeker","Reduce visual noise and use streamlined components."
"we need more polish on buttons","Refine button styling, states, and spacing."
"needs to be more intuitive","Simplify navigation and ensure clear affordances."
"too minimal","Add purposeful visuals and supporting content to inform users."
"add storytelling","Sequence sections to explain problem, solution, and proof."
"make the colors pop","Increase saturation or contrast of brand palette."
"less childish","Tone down playful elements and adopt mature typography."
"needs to feel exciting","Use bold visuals, animations, and energetic copy."
"bring in motion cues","Add arrows, lines, or animations to guide attention."
"more contrast on CTA","Adjust color, size, and spacing for visual prominence."
"needs consistency in icons","Standardize icon style and size across sections."
"make the grid tighter","Refine column widths and alignment for precision."
"needs more visual hierarchy","Differentiate headings, subheadings, and body copy more clearly."
"make it more immersive","Use full-bleed imagery and layered elements to draw users in."
"needs fresher imagery","Swap stock photos for updated visuals aligned with current trends."
"make the icons pop","Increase icon size, contrast, and consistent styling."
"more intentional whitespace","Strategically place whitespace to guide focus."
"needs to feel cohesive","Align color, typography, and imagery across all sections."
"add more testimonials","Include additional social proof elements in the layout."
"needs more movement overall","Add scroll-triggered animations or transitions."
"give the footer love","Enhance footer hierarchy, spacing, and useful links."
"too many colors","Limit palette to primary brand colors plus one accent."
"needs to feel bespoke","Incorporate custom illustrations or tailored design elements."
"add a hero moment","Design a standout hero section with compelling copy and visuals."
"tie it back to the brand story","Incorporate copy and visuals that reinforce mission and values."
"needs clearer CTAs","Ensure CTAs use action-oriented copy and distinct styling."
"bring in user quotes","Feature real quotes with imagery for authenticity."
"make interactions clearer","Improve affordances with hover states and focus indicators."
"needs stronger section dividers","Use background color shifts or separators to delineate sections."
"make the nav clearer","Simplify navigation labels and highlight the active state."
"too illustration heavy","Balance with photography or real-world imagery."
"too photo-heavy","Add illustrative or iconographic support to diversify visuals."
"needs more negative space","Increase spacing around key elements for emphasis."
"needs to feel authoritative","Use confident typography and structured layout with data points."
"more data visualization","Add charts or infographics to communicate metrics."
"make it client-ready","Ensure all copy is proofed and design is presentation quality."
"needs better legibility","Adjust font weights, sizes, and contrast for readability."
"bring out the benefits","Highlight value propositions with icons or callouts."
"too feature-focused","Balance feature list with outcomes and benefits."
"make the form friendlier","Reduce field count and add helper text or placeholders."
"needs clearer feedback states","Design success and error states for form interactions."
"add onboarding cues","Guide new users with tooltips or intro steps."
"needs international appeal","Use neutral imagery and avoid region-specific references."
"make it more inclusive","Feature diverse imagery and inclusive language."
"needs seasonal touch","Add temporary color accents or graphics tied to the season."
"add urgency","Incorporate limited-time messaging or countdown elements."
"needs calm energy","Blend soothing colors with confident typography."
"make pricing clearer","Design pricing table with highlight on recommended plan."
"needs better contrast in footer","Adjust colors for readability and hierarchy."
"make the cards consistent","Standardize card component padding, shadows, and typography."
"too many gradients","Limit gradients to key elements for emphasis."
"needs animated feedback","Add loading states and success animations."
"make it more modular","Design components that can be reused consistently."
"needs print-ready version","Create high-resolution layout suitable for PDF export."
"make the table readable","Improve table spacing, striping, and typography."
"needs better mobile layout","Optimize responsive breakpoints and stacking order."
"add microcopy","Provide helper text to clarify interactions."
"needs brand reinforcement","Repeat brand motifs or taglines throughout layout."
"tie visuals to metrics","Pair imagery with data points for storytelling."
"make the hero copy sharper","Refine value proposition and supporting text."
"needs clearer section intros","Add concise headings and subheadings for each section."
"too subtle","Increase contrast and emphasis on key interactions."
"make it more surprising","Introduce unexpected design treatments within brand limits."
"needs consistent button states","Ensure hover, active, and disabled styles are defined."
"needs better alignment","Snap elements to grid and remove misalignments."
"make the testimonials scannable","Use cards or highlights for quick reading."
"needs more animation polish","Smooth timing and easing on existing animations."
"make the brand voice clearer","Align copy tone with brand personality guidelines."
"needs more contrast on text links","Adjust link color and underline treatments."
"bring social proof forward","Elevate reviews or logos higher in the layout."
"needs consistent icon labels","Use standardized label positioning and style."
"more lifestyle imagery","Introduce contextual photos showing product in use."
"needs better header spacing","Adjust top and bottom margins for visual comfort."
"make the layout more editorial","Introduce magazine-style typography and grid variation."
"too centered","Introduce left-aligned sections for variety and readability."
"needs accent lines","Add dividing lines or rules to guide the eye."
"make the cards pop","Increase drop shadows or border emphasis to separate cards."
"needs more modular spacing","Define spacing tokens and apply them consistently."
"make the hero image stronger","Select higher-impact imagery aligned with message."
"needs to feel tech-forward","Use neon accents, futuristic fonts, and dark UI elements."
"add onboarding video","Embed short walkthrough video in hero or dashboard."
"needs clearer value props","Present top three benefits with icons and concise copy."
"make the timeline clearer","Redesign timeline visualization with clear milestones."
"needs refined color accents","Adjust accent placement to avoid overwhelming primary palette."
"add customer logos","Include recognizable client logos for credibility."
"needs improved tooltip design","Update tooltip styling for readability and alignment."
"make the alert states obvious","Differentiate warning, error, and success colors and icons."
